id,name,energy_kcal_per_100g,unit,serving_size,gtin13,image_url,product_url,source,created_at
1,biscuit sponge fingers,402,g,10,,https://lokcal.app/images/1_biscuit_sponge_fingers.jpg,,nevo,
2,mozzarella,253,g,28,,https://lokcal.app/images/2_mozzarella.jpg,,nevo,
3,dried raisins,325,g,40,,https://lokcal.app/images/3_dried_raisins.jpg,,nevo,
4,runner beans,20,g,100,,https://lokcal.app/images/4_runner_beans.jpg,,nevo,
5,apricots,44,g,70,,https://lokcal.app/images/5_apricots.jpg,,nevo,
6,wafer galette,480,g,25,,https://lokcal.app/images/6_wafer_galette.jpg,,nevo,
7,iceberg lettuce,14,g,100,,https://lokcal.app/images/7_iceberg_lettuce.jpg,,nevo,
8,kaassouffle,359,g,100,,https://lokcal.app/images/8_kaassouffle.jpg,,nevo,
9,mango,66,g,165,,https://lokcal.app/images/9_mango.jpg,,nevo,
10,margarine,737,g,14,,https://lokcal.app/images/10_margarine.jpg,,nevo,
11,whipped cream,305,g,30,,https://lokcal.app/images/11_whipped_cream.jpg,,nevo,
12,dutch spiced cake,308,g,100,,https://lokcal.app/images/12_dutch_spiced_cake.jpg,,nevo,
13,croissant,403,g,57,,https://lokcal.app/images/13_croissant.jpg,,nevo,
14,frikandel,251,g,100,,https://lokcal.app/images/14_frikandel.jpg,,nevo,
15,iced cup cake,427,g,50,,https://lokcal.app/images/15_iced_cup_cake.jpg,,nevo,
16,mascarpone cheese,455,g,30,,https://lokcal.app/images/16_mascarpone_cheese.jpg,,nevo,
17,eclair,283,g,100,,https://lokcal.app/images/17_eclair.jpg,,nevo,
18,sausage roll,382,g,100,,https://lokcal.app/images/18_sausage_roll.jpg,,nevo,
20,amaretti biscuit,411,g,15,,https://lokcal.app/images/20_amaretti_biscuit.jpg,,nevo,
21,aioli,726,g,15,,https://lokcal.app/images/21_aioli.jpg,,nevo,
22,tzatziki,156,g,30,,https://lokcal.app/images/22_tzatziki.jpg,,nevo,
23,pita bread,245,g,60,,https://lokcal.app/images/23_pita_bread.jpg,,nevo,
24,celeriac,38,g,100,,https://lokcal.app/images/24_celeriac.jpg,,nevo,
25,beef frankfurter,180,g,75,,https://lokcal.app/images/25_beef_frankfurter.jpg,,nevo,
26,red kidney beans,116,g,90,,https://lokcal.app/images/26_red_kidney_beans.jpg,,nevo,
27,brown beans,120,g,100,,https://lokcal.app/images/27_brown_beans.jpg,,nevo,
28,cooked sausage,357,g,50,,https://lokcal.app/images/28_cooked_sausage.jpg,,nevo,
29,ice cream,216,g,66,,https://lokcal.app/images/29_ice_cream.jpg,,nevo,
30,apple juice,46,g,240,,https://lokcal.app/images/30_apple_juice.jpg,,nevo,
31,penny waffle,562,g,50,,https://lokcal.app/images/31_penny_waffle.jpg,,nevo,
32,butterhead lettuce,13,g,100,,https://lokcal.app/images/32_butterhead_lettuce.jpg,,nevo,
33,ketjap soy sauce,234,g,15,,https://lokcal.app/images/33_ketjap_soy_sauce.jpg,,nevo,
34,french beans,26,g,100,,https://lokcal.app/images/34_french_beans.jpg,,nevo,
35,pak-choi cabbage,14,g,100,,https://lokcal.app/images/35_pak-choi_cabbage.jpg,,nevo,
36,greek yoghurt,122,g,170,,https://lokcal.app/images/36_greek_yoghurt.jpg,,nevo,
37,skimmed greek yoghurt,56,g,170,,https://lokcal.app/images/37_skimmed_greek_yoghurt.jpg,,nevo,
38,red cabbage,58,g,100,,https://lokcal.app/images/38_red_cabbage.jpg,,nevo,
39,brazil nuts,687,g,30,,https://lokcal.app/images/39_brazil_nuts.jpg,,nevo,
40,walnuts,706,g,30,,https://lokcal.app/images/40_walnuts.jpg,,nevo,
41,chocolate covered raisins,429,g,40,,https://lokcal.app/images/41_chocolate_covered_raisins.jpg,,nevo,
42,lean frankfurter sausage,136,g,50,,https://lokcal.app/images/42_lean_frankfurter_sausage.jpg,,nevo,
43,canned artichoke hearts,27,g,120,,https://lokcal.app/images/43_canned_artichoke_hearts.jpg,,nevo,
44,dried apricots,285,g,40,,https://lokcal.app/images/44_dried_apricots.jpg,,nevo,
46,cheese pastry,580,g,50,,https://lokcal.app/images/46_cheese_pastry.jpg,,nevo,
47,eierkoek,303,g,35,,https://lokcal.app/images/47_eierkoek.jpg,,nevo,
48,camembert cheese 30+,223,g,30,,https://lokcal.app/images/48_camembert_cheese_30.jpg,,nevo,
49,camembert cheese,306,g,30,,https://lokcal.app/images/49_camembert_cheese.jpg,,nevo,
50,orange juice,45,g,240,,https://lokcal.app/images/50_orange_juice.jpg,,nevo,
51,dutch jodekoek biscuit,505,g,25,,https://lokcal.app/images/51_dutch_jodekoek_biscuit.jpg,,nevo,
52,apple sauce,76,g,100,,https://lokcal.app/images/52_apple_sauce.jpg,,nevo,
53,bami vegetables,27,g,200,,https://lokcal.app/images/53_bami_vegetables.jpg,,nevo,
54,soy sauce,40,g,15,,https://lokcal.app/images/54_soy_sauce.jpg,,nevo,
55,ricotta cheese,141,g,30,,https://lokcal.app/images/55_ricotta_cheese.jpg,,nevo,
56,candy mix,328,g,40,,https://lokcal.app/images/56_candy_mix.jpg,,nevo,
57,light dairy spread,175,g,10,,https://lokcal.app/images/57_light_dairy_spread.jpg,,nevo,
58,tomato ketchup,77,g,15,,https://lokcal.app/images/58_tomato_ketchup.jpg,,nevo,
59,chilli beans,106,g,130,,https://lokcal.app/images/59_chilli_beans.jpg,,nevo,
60,plain cake,396,g,100,,https://lokcal.app/images/60_plain_cake.jpg,,nevo,
61,blackcurrants,53,g,112,,https://lokcal.app/images/61_blackcurrants.jpg,,nevo,
62,salted popcorn,505,g,25,,https://lokcal.app/images/62_salted_popcorn.jpg,,nevo,
63,sweet popcorn,419,g,25,,https://lokcal.app/images/63_sweet_popcorn.jpg,,nevo,
64,beef tomato,19,g,100,,https://lokcal.app/images/64_beef_tomato.jpg,,nevo,
65,pickled atjar tjampoer,42,g,100,,https://lokcal.app/images/65_pickled_atjar_tjampoer.jpg,,nevo,
66,macadamia nuts,753,g,30,,https://lokcal.app/images/66_macadamia_nuts.jpg,,nevo,
67,oil roasted pecans,750,g,30,,https://lokcal.app/images/67_oil_roasted_pecans.jpg,,nevo,
68,cashew nuts,615,g,28,,https://lokcal.app/images/68_cashew_nuts.jpg,,nevo,
69,netted melon,27,g,160,,https://lokcal.app/images/69_netted_melon.jpg,,nevo,
70,gluten free bread,212,g,50,,https://lokcal.app/images/70_gluten_free_bread.jpg,,nevo,
71,jaffa cakes/pim's cake,373,g,25,,https://lokcal.app/images/71_jaffa_cakespims_cake.jpg,,nevo,
72,lamb's lettuce,18,g,100,,https://lokcal.app/images/72_lambs_lettuce.jpg,,nevo,
73,manderins,46,g,84,,https://lokcal.app/images/73_manderins.jpg,,nevo,
75,advocaat liqueur,236,g,30,,https://lokcal.app/images/75_advocaat_liqueur.jpg,,nevo,
76,almond tart,411,g,100,,https://lokcal.app/images/76_almond_tart.jpg,,nevo,
77,almonds,622,g,28,,https://lokcal.app/images/77_almonds.jpg,,nevo,
78,amaranth leaves,56,g,100,,https://lokcal.app/images/78_amaranth_leaves.jpg,,nevo,
79,antroewa,30,g,100,,https://lokcal.app/images/79_antroewa.jpg,,nevo,
80,apple pie,223,g,125,,https://lokcal.app/images/80_apple_pie.jpg,,nevo,
81,apple cake,259,g,125,,https://lokcal.app/images/81_apple_cake.jpg,,nevo,
82,apple fritter,264,g,100,,https://lokcal.app/images/82_apple_fritter.jpg,,nevo,
83,apple strudel,278,g,150,,https://lokcal.app/images/83_apple_strudel.jpg,,nevo,
84,apple syrup,280,g,15,,https://lokcal.app/images/84_apple_syrup.jpg,,nevo,
85,apple turnover,360,g,100,,https://lokcal.app/images/85_apple_turnover.jpg,,nevo,
86,apricots in syrup,69,g,130,,https://lokcal.app/images/86_apricots_in_syrup.jpg,,nevo,
87,baguette,269,g,100,,https://lokcal.app/images/87_baguette.jpg,,nevo,
88,baklava nut-honey cake,461,g,100,,https://lokcal.app/images/88_baklava_nut-honey_cake.jpg,,nevo,
89,bamboo shoots,33,g,70,,https://lokcal.app/images/89_bamboo_shoots.jpg,,nevo,
90,banana,92,g,120,,https://lokcal.app/images/90_banana.jpg,,nevo,
91,banana bread,300,g,100,,https://lokcal.app/images/91_banana_bread.jpg,,nevo,
92,bapao,251,g,100,,https://lokcal.app/images/92_bapao.jpg,,nevo,
93,barbecue sauce,95,g,32,,https://lokcal.app/images/93_barbecue_sauce.jpg,,nevo,
94,bastogne shortbread biscuit,493,g,15,,https://lokcal.app/images/94_bastogne_shortbread_biscuit.jpg,,nevo,
95,bean sprouts,25,g,100,,https://lokcal.app/images/95_bean_sprouts.jpg,,nevo,
96,dried beans,314,g,60,,https://lokcal.app/images/96_dried_beans.jpg,,nevo,
97,beer,44,g,355,,https://lokcal.app/images/97_beer.jpg,,nevo,
98,radler beer,39,g,330,,https://lokcal.app/images/98_radler_beer.jpg,,nevo,
99,beetroot,38,g,100,,https://lokcal.app/images/99_beetroot.jpg,,nevo,
100,beetroot juice,34,g,240,,https://lokcal.app/images/100_beetroot_juice.jpg,,nevo,
101,berliner pastry,289,g,90,,https://lokcal.app/images/101_berliner_pastry.jpg,,nevo,
102,bilberries,30,g,145,,https://lokcal.app/images/102_bilberries.jpg,,nevo,
103,bilberries in syrup,66,g,100,,https://lokcal.app/images/103_bilberries_in_syrup.jpg,,nevo,
104,biscuit,475,g,25,,https://lokcal.app/images/104_biscuit.jpg,,nevo,
105,chocolate coated biscuit,479,g,30,,https://lokcal.app/images/105_chocolate_coated_biscuit.jpg,,nevo,
107,bitterbal from oven,302,g,60,,https://lokcal.app/images/107_bitterbal_from_oven.jpg,,nevo,
108,black beans,113,g,130,,https://lokcal.app/images/108_black_beans.jpg,,nevo,
109,black radish,30,g,100,,https://lokcal.app/images/109_black_radish.jpg,,nevo,
110,danish blue cheese,350,g,100,,https://lokcal.app/images/110_danish_blue_cheese.jpg,,nevo,
111,bluefort cheese,405,g,30,,https://lokcal.app/images/111_bluefort_cheese.jpg,,nevo,
112,bounty candybar,486,g,57,,https://lokcal.app/images/112_bounty_candybar.jpg,,nevo,
113,boursin,411,g,30,,https://lokcal.app/images/113_boursin.jpg,,nevo,
114,brandy,231,g,44,,https://lokcal.app/images/114_brandy.jpg,,nevo,
115,bread crumbs,378,g,30,,https://lokcal.app/images/115_bread_crumbs.jpg,,nevo,
116,breadsticks,401,g,30,,https://lokcal.app/images/116_breadsticks.jpg,,nevo,
117,breezer,74,g,330,,https://lokcal.app/images/117_breezer.jpg,,nevo,
118,brie cheese 50+,318,g,30,,https://lokcal.app/images/118_brie_cheese_50.jpg,,nevo,
119,brioche,338,g,50,,https://lokcal.app/images/119_brioche.jpg,,nevo,
120,broad beans,73,g,100,,https://lokcal.app/images/120_broad_beans.jpg,,nevo,
121,brown bread,236,g,32,,https://lokcal.app/images/121_brown_bread.jpg,,nevo,
122,seeded brown bread,285,g,50,,https://lokcal.app/images/122_seeded_brown_bread.jpg,,nevo,
123,brown lentils,112,g,50,,https://lokcal.app/images/123_brown_lentils.jpg,,nevo,
124,castor brown sugar,396,g,5,,https://lokcal.app/images/124_castor_brown_sugar.jpg,,nevo,
125,brownie,420,g,80,,https://lokcal.app/images/125_brownie.jpg,,nevo,
126,brussel sprouts,46,g,100,,https://lokcal.app/images/126_brussel_sprouts.jpg,,nevo,
127,raw bulgur,340,g,50,,https://lokcal.app/images/127_raw_bulgur.jpg,,nevo,
128,custard bun,214,g,75,,https://lokcal.app/images/128_custard_bun.jpg,,nevo,
129,campari,180,g,30,,https://lokcal.app/images/129_campari.jpg,,nevo,
130,candybar av,478,g,50,,https://lokcal.app/images/130_candybar_av.jpg,,nevo,
131,kitkat candybar,520,g,42,,https://lokcal.app/images/131_kitkat_candybar.jpg,,nevo,
132,milky way candybar,448,g,53,,https://lokcal.app/images/132_milky_way_candybar.jpg,,nevo,
133,nuts candybar,497,g,50,,https://lokcal.app/images/133_nuts_candybar.jpg,,nevo,
134,snickers candybar,484,g,52,,https://lokcal.app/images/134_snickers_candybar.jpg,,nevo,
135,turkish cheese,287,g,30,,https://lokcal.app/images/135_turkish_cheese.jpg,,nevo,
136,cantaloupe melon,38,g,160,,https://lokcal.app/images/136_cantaloupe_melon.jpg,,nevo,
137,capers,43,g,100,,https://lokcal.app/images/137_capers.jpg,,nevo,
138,carambola,37,g,120,,https://lokcal.app/images/138_carambola.jpg,,nevo,
139,carrot cake,358,g,100,,https://lokcal.app/images/139_carrot_cake.jpg,,nevo,
140,cassava,142,g,100,,https://lokcal.app/images/140_cassava.jpg,,nevo,
141,cereal bar,444,g,25,,https://lokcal.app/images/141_cereal_bar.jpg,,nevo,
142,chanterelle mushrooms,16,g,100,,https://lokcal.app/images/142_chanterelle_mushrooms.jpg,,nevo,
143,cheddar cheese,415,g,28,,https://lokcal.app/images/143_cheddar_cheese.jpg,,nevo,
144,cheese 10+,187,g,28,,https://lokcal.app/images/144_cheese_10.jpg,,nevo,
145,cheese 20+,246,g,30,,https://lokcal.app/images/145_cheese_20.jpg,,nevo,
146,cheese 30+,280,g,30,,https://lokcal.app/images/146_cheese_30.jpg,,nevo,
147,cheese 35+,302,g,30,,https://lokcal.app/images/147_cheese_35.jpg,,nevo,
148,cheese 45+,357,g,28,,https://lokcal.app/images/148_cheese_45.jpg,,nevo,
149,cheese 50+,380,g,30,,https://lokcal.app/images/149_cheese_50.jpg,,nevo,
150,cumin cheese,370,g,30,,https://lokcal.app/images/150_cumin_cheese.jpg,,nevo,
151,brie cheese 60+,369,g,30,,https://lokcal.app/images/151_brie_cheese_60.jpg,,nevo,
152,cottage cheese,92,g,113,,https://lokcal.app/images/152_cottage_cheese.jpg,,nevo,
153,herb cream cheese,291,g,30,,https://lokcal.app/images/153_herb_cream_cheese.jpg,,nevo,
154,edam cheese 40+,324,g,30,,https://lokcal.app/images/154_edam_cheese_40.jpg,,nevo,
155,light fresh cheese,132,g,30,,https://lokcal.app/images/155_light_fresh_cheese.jpg,,nevo,
157,kernhem cheese 60+,443,g,28,,https://lokcal.app/images/157_kernhem_cheese_60.jpg,,nevo,
158,raw milk cheese,392,g,28,,https://lokcal.app/images/158_raw_milk_cheese.jpg,,nevo,
159,turkish sheep cheese,297,g,30,,https://lokcal.app/images/159_turkish_sheep_cheese.jpg,,nevo,
160,smoked cheese 45+,331,g,30,,https://lokcal.app/images/160_smoked_cheese_45.jpg,,nevo,
161,cheese spread 20+,137,g,15,,https://lokcal.app/images/161_cheese_spread_20.jpg,,nevo,
162,cheese spread 40+,227,g,15,,https://lokcal.app/images/162_cheese_spread_40.jpg,,nevo,
163,cheese spread 45+,231,g,30,,https://lokcal.app/images/163_cheese_spread_45.jpg,,nevo,
164,cheesecake,319,g,100,,https://lokcal.app/images/164_cheesecake.jpg,,nevo,
165,heks'n kaas cheesespread,356,g,30,,https://lokcal.app/images/165_heksn_kaas_cheesespread.jpg,,nevo,
166,cherries in syrup,63,g,100,,https://lokcal.app/images/166_cherries_in_syrup.jpg,,nevo,
167,chewing gum,280,g,3,,https://lokcal.app/images/167_chewing_gum.jpg,,nevo,
168,dried chia seeds,443,g,15,,https://lokcal.app/images/168_dried_chia_seeds.jpg,,nevo,
169,chicken fillet,109,g,100,,https://lokcal.app/images/169_chicken_fillet.jpg,,nevo,
170,chicken nuggets,277,g,95,,https://lokcal.app/images/170_chicken_nuggets.jpg,,nevo,
172,chicken thigh,147,g,120,,https://lokcal.app/images/172_chicken_thigh.jpg,,nevo,
173,chili pepper,30,g,100,,https://lokcal.app/images/173_chili_pepper.jpg,,nevo,
174,chinese cabbage,17,g,100,,https://lokcal.app/images/174_chinese_cabbage.jpg,,nevo,
175,chocolate cake,394,g,100,,https://lokcal.app/images/175_chocolate_cake.jpg,,nevo,
176,chocolate chip cookie,501,g,30,,https://lokcal.app/images/176_chocolate_chip_cookie.jpg,,nevo,
177,chocolate mousse,189,g,80,,https://lokcal.app/images/177_chocolate_mousse.jpg,,nevo,
178,chocolate sauce,269,g,30,,https://lokcal.app/images/178_chocolate_sauce.jpg,,nevo,
179,chocolate sprinkles,449,g,10,,https://lokcal.app/images/179_chocolate_sprinkles.jpg,,nevo,
180,christmas bread,282,g,50,,https://lokcal.app/images/180_christmas_bread.jpg,,nevo,
181,cider,55,g,250,,https://lokcal.app/images/181_cider.jpg,,nevo,
182,clear soup,10,g,250,,https://lokcal.app/images/182_clear_soup.jpg,,nevo,
183,coated peanuts,532,g,30,,https://lokcal.app/images/183_coated_peanuts.jpg,,nevo,
184,coconut flavoured cookies,518,g,30,,https://lokcal.app/images/184_coconut_flavoured_cookies.jpg,,nevo,
185,coconut macaroons,455,g,25,,https://lokcal.app/images/185_coconut_macaroons.jpg,,nevo,
186,cognac,224,g,42,,https://lokcal.app/images/186_cognac.jpg,,nevo,
187,cold cuts,239,g,56,,https://lokcal.app/images/187_cold_cuts.jpg,,nevo,
188,couscous,363,g,170,,https://lokcal.app/images/188_couscous.jpg,,nevo,
189,cowberries,57,g,100,,https://lokcal.app/images/189_cowberries.jpg,,nevo,
190,crackers,380,g,30,,https://lokcal.app/images/190_crackers.jpg,,nevo,
191,sweetened dried cranberries,335,g,40,,https://lokcal.app/images/191_sweetened_dried_cranberries.jpg,,nevo,
192,fresh cranberries,24,g,100,,https://lokcal.app/images/192_fresh_cranberries.jpg,,nevo,
193,cranberry compote,172,g,125,,https://lokcal.app/images/193_cranberry_compote.jpg,,nevo,
194,creme fraiche,293,g,15,,https://lokcal.app/images/194_creme_fraiche.jpg,,nevo,
195,garden cress,15,g,100,,https://lokcal.app/images/195_garden_cress.jpg,,nevo,
196,crispbakes,408,g,60,,https://lokcal.app/images/196_crispbakes.jpg,,nevo,
197,crispbread,376,g,10,,https://lokcal.app/images/197_crispbread.jpg,,nevo,
198,croquette from oven,204,g,70,,https://lokcal.app/images/198_croquette_from_oven.jpg,,nevo,
199,croutons,491,g,10,,https://lokcal.app/images/199_croutons.jpg,,nevo,
200,curly kale,33,g,100,,https://lokcal.app/images/200_curly_kale.jpg,,nevo,
201,dried currants,326,g,30,,https://lokcal.app/images/201_dried_currants.jpg,,nevo,
202,curry ketchup,129,g,15,,https://lokcal.app/images/202_curry_ketchup.jpg,,nevo,
203,dagoe leaf,34,g,100,,https://lokcal.app/images/203_dagoe_leaf.jpg,,nevo,
204,dairy spread,248,g,10,,https://lokcal.app/images/204_dairy_spread.jpg,,nevo,
205,dandelion leaves,55,g,100,,https://lokcal.app/images/205_dandelion_leaves.jpg,,nevo,
206,danish pastry,349,g,90,,https://lokcal.app/images/206_danish_pastry.jpg,,nevo,
207,bamihap,275,g,100,,https://lokcal.app/images/207_bamihap.jpg,,nevo,
208,deepfried croquette,272,g,70,,https://lokcal.app/images/208_deepfried_croquette.jpg,,nevo,
209,deepfried spring roll,181,g,100,,https://lokcal.app/images/209_deepfried_spring_roll.jpg,,nevo,
210,deepfried bitterbal,362,g,25,,https://lokcal.app/images/210_deepfried_bitterbal.jpg,,nevo,
211,digestive biscuit,492,g,15,,https://lokcal.app/images/211_digestive_biscuit.jpg,,nevo,
212,oliebol,256,g,60,,https://lokcal.app/images/212_oliebol.jpg,,nevo,
213,soaked dried apple,85,g,100,,https://lokcal.app/images/213_soaked_dried_apple.jpg,,nevo,
214,dried apples,292,g,40,,https://lokcal.app/images/214_dried_apples.jpg,,nevo,
215,dried dates,305,g,40,,https://lokcal.app/images/215_dried_dates.jpg,,nevo,
216,dried goji berries,343,g,10,,https://lokcal.app/images/216_dried_goji_berries.jpg,,nevo,
217,dried pear,287,g,60,,https://lokcal.app/images/217_dried_pear.jpg,,nevo,
218,soaked dried pear,83,g,50,,https://lokcal.app/images/218_soaked_dried_pear.jpg,,nevo,
219,agar agar,336,g,20,,https://lokcal.app/images/219_agar_agar.jpg,,nevo,
220,dried soya beans,418,g,90,,https://lokcal.app/images/220_dried_soya_beans.jpg,,nevo,
221,dutch boterkoek,452,g,50,,https://lokcal.app/images/221_dutch_boterkoek.jpg,,nevo,
222,swiss-style cheese,370,g,30,,https://lokcal.app/images/222_swiss-style_cheese.jpg,,nevo,
223,dutch krakeling biscuit,497,g,15,,https://lokcal.app/images/223_dutch_krakeling_biscuit.jpg,,nevo,
224,sprits biscuit,489,g,25,,https://lokcal.app/images/224_sprits_biscuit.jpg,,nevo,
225,tompouce,315,g,100,,https://lokcal.app/images/225_tompouce.jpg,,nevo,
226,dutch vieux brandy,200,g,30,,https://lokcal.app/images/226_dutch_vieux_brandy.jpg,,nevo,
227,egg white,44,g,33,,https://lokcal.app/images/227_egg_white.jpg,,nevo,
228,emmenthaler cheese,387,g,28,,https://lokcal.app/images/228_emmenthaler_cheese.jpg,,nevo,
229,falafel,231,g,80,,https://lokcal.app/images/229_falafel.jpg,,nevo,
230,fennel,17,g,150,,https://lokcal.app/images/230_fennel.jpg,,nevo,
231,feta cheese,274,g,28,,https://lokcal.app/images/231_feta_cheese.jpg,,nevo,
232,dried figs,259,g,40,,https://lokcal.app/images/232_dried_figs.jpg,,nevo,
233,fresh figs,84,g,50,,https://lokcal.app/images/233_fresh_figs.jpg,,nevo,
234,filled chocolate bar,567,g,40,,https://lokcal.app/images/234_filled_chocolate_bar.jpg,,nevo,
235,filled chocolates,512,g,30,,https://lokcal.app/images/235_filled_chocolates.jpg,,nevo,
236,filo pastry,286,g,50,,https://lokcal.app/images/236_filo_pastry.jpg,,nevo,
237,firm brown bun,294,g,75,,https://lokcal.app/images/237_firm_brown_bun.jpg,,nevo,
238,fruit flan,228,g,100,,https://lokcal.app/images/238_fruit_flan.jpg,,nevo,
239,focaccia,266,g,100,,https://lokcal.app/images/239_focaccia.jpg,,nevo,
240,frankfurter sausage,201,g,50,,https://lokcal.app/images/240_frankfurter_sausage.jpg,,nevo,
241,french fries,263,g,117,,https://lokcal.app/images/241_french_fries.jpg,,nevo,
242,fresh citrus fruit,48,g,150,,https://lokcal.app/images/242_fresh_citrus_fruit.jpg,,nevo,
243,fresh dates,139,g,24,,https://lokcal.app/images/243_fresh_dates.jpg,,nevo,
244,fresh goat cheese,207,g,30,,https://lokcal.app/images/244_fresh_goat_cheese.jpg,,nevo,
245,fresh sheep cheese,238,g,30,,https://lokcal.app/images/245_fresh_sheep_cheese.jpg,,nevo,
246,frikandel speciaal,230,g,100,,https://lokcal.app/images/246_frikandel_speciaal.jpg,,nevo,
247,fruit biscuit,396,g,30,,https://lokcal.app/images/247_fruit_biscuit.jpg,,nevo,
248,forest fruit,39,g,100,,https://lokcal.app/images/248_forest_fruit.jpg,,nevo,
249,fruit in juice,48,g,125,,https://lokcal.app/images/249_fruit_in_juice.jpg,,nevo,
250,fruit in syrup,65,g,125,,https://lokcal.app/images/250_fruit_in_syrup.jpg,,nevo,
251,soaked dried fruit,96,g,50,,https://lokcal.app/images/251_soaked_dried_fruit.jpg,,nevo,
252,cheese spread,260,g,30,,https://lokcal.app/images/252_cheese_spread.jpg,,nevo,
253,gateau,316,g,150,,https://lokcal.app/images/253_gateau.jpg,,nevo,
254,gelatin,352,g,7,,https://lokcal.app/images/254_gelatin.jpg,,nevo,
255,sweet pickled gherkins,27,g,50,,https://lokcal.app/images/255_sweet_pickled_gherkins.jpg,,nevo,
256,glasswort,14,g,50,,https://lokcal.app/images/256_glasswort.jpg,,nevo,
257,unprepared gnocchi,174,g,125,,https://lokcal.app/images/257_unprepared_gnocchi.jpg,,nevo,
258,hard goat cheese,396,g,30,,https://lokcal.app/images/258_hard_goat_cheese.jpg,,nevo,
259,pourable golden syrup,288,g,15,,https://lokcal.app/images/259_pourable_golden_syrup.jpg,,nevo,
260,gooseberries,49,g,150,,https://lokcal.app/images/260_gooseberries.jpg,,nevo,
261,gorgonzola cheese,359,g,28,,https://lokcal.app/images/261_gorgonzola_cheese.jpg,,nevo,
262,old gouda cheese,414,g,28,,https://lokcal.app/images/262_old_gouda_cheese.jpg,,nevo,
263,young gouda cheese,364,g,28,,https://lokcal.app/images/263_young_gouda_cheese.jpg,,nevo,
264,medium gouda cheese,370,g,28,,https://lokcal.app/images/264_medium_gouda_cheese.jpg,,nevo,
265,grape juice,65,g,240,,https://lokcal.app/images/265_grape_juice.jpg,,nevo,
266,grapefruit,37,g,250,,https://lokcal.app/images/266_grapefruit.jpg,,nevo,
267,grapefruit in syrup,66,g,125,,https://lokcal.app/images/267_grapefruit_in_syrup.jpg,,nevo,
268,grapefruit juice,34,g,247,,https://lokcal.app/images/268_grapefruit_juice.jpg,,nevo,
269,grapes,78,g,80,,https://lokcal.app/images/269_grapes.jpg,,nevo,
270,dried grated coconut,674,g,30,,https://lokcal.app/images/270_dried_grated_coconut.jpg,,nevo,
271,green asparagus,17,g,100,,https://lokcal.app/images/271_green_asparagus.jpg,,nevo,
272,dried green peas,315,g,100,,https://lokcal.app/images/272_dried_green_peas.jpg,,nevo,
273,green olives,113,g,15,,https://lokcal.app/images/273_green_olives.jpg,,nevo,
274,green sweet pepper,19,g,100,,https://lokcal.app/images/274_green_sweet_pepper.jpg,,nevo,
275,gruyere cheese,433,g,28,,https://lokcal.app/images/275_gruyere_cheese.jpg,,nevo,
276,guava (pink fleshed),75,g,100,,https://lokcal.app/images/276_guava_pink_fleshed.jpg,,nevo,
277,half fat custard,85,g,125,,https://lokcal.app/images/277_half_fat_custard.jpg,,nevo,
278,raw hamburger,239,g,100,,https://lokcal.app/images/278_raw_hamburger.jpg,,nevo,
279,hemp seed,592,g,30,,https://lokcal.app/images/279_hemp_seed.jpg,,nevo,
280,honey mustard dressing,299,g,30,,https://lokcal.app/images/280_honey_mustard_dressing.jpg,,nevo,
281,honeydew melon,30,g,134,,https://lokcal.app/images/281_honeydew_melon.jpg,,nevo,
282,hot chocolate,66,g,180,,https://lokcal.app/images/282_hot_chocolate.jpg,,nevo,
283,hummus,320,g,60,,https://lokcal.app/images/283_hummus.jpg,,nevo,
284,ice lolly,75,g,85,,https://lokcal.app/images/284_ice_lolly.jpg,,nevo,
285,iced doughnut,358,g,60,,https://lokcal.app/images/285_iced_doughnut.jpg,,nevo,
286,irish coffee,166,g,150,,https://lokcal.app/images/286_irish_coffee.jpg,,nevo,
287,jackfruit in water,18,g,100,,https://lokcal.app/images/287_jackfruit_in_water.jpg,,nevo,
288,redcurrant juice,42,g,240,,https://lokcal.app/images/288_redcurrant_juice.jpg,,nevo,
289,kaisoi,32,g,100,,https://lokcal.app/images/289_kaisoi.jpg,,nevo,
290,kaki,77,g,168,,https://lokcal.app/images/290_kaki.jpg,,nevo,
291,dried kidney beans,295,g,90,,https://lokcal.app/images/291_dried_kidney_beans.jpg,,nevo,
292,kipkorn,382,g,100,,https://lokcal.app/images/292_kipkorn.jpg,,nevo,
293,kiwi,64,g,69,,https://lokcal.app/images/293_kiwi.jpg,,nevo,
294,dutch kletskop biscuit,490,g,10,,https://lokcal.app/images/294_dutch_kletskop_biscuit.jpg,,nevo,
295,pointed spitskool,42,g,100,,https://lokcal.app/images/295_pointed_spitskool.jpg,,nevo,
296,kruidnoten,442,g,25,,https://lokcal.app/images/296_kruidnoten.jpg,,nevo,
297,chocolate covered kruidnoten,488,g,100,,https://lokcal.app/images/297_chocolate_covered_kruidnoten.jpg,,nevo,
298,kumquat,52,g,91,,https://lokcal.app/images/298_kumquat.jpg,,nevo,
299,dried lentils,306,g,60,,https://lokcal.app/images/299_dried_lentils.jpg,,nevo,
300,lime,41,g,67,,https://lokcal.app/images/300_lime.jpg,,nevo,
301,linseeds,477,g,15,,https://lokcal.app/images/301_linseeds.jpg,,nevo,
302,lion candybar,493,g,42,,https://lokcal.app/images/302_lion_candybar.jpg,,nevo,
303,liqueur 15-25%,242,g,30,,https://lokcal.app/images/303_liqueur_15-25.jpg,,nevo,
304,liqueur <15%,200,g,30,,https://lokcal.app/images/304_liqueur_15.jpg,,nevo,
305,liqueur >25%,291,g,30,,https://lokcal.app/images/305_liqueur_25.jpg,,nevo,
306,cream liqueur,294,g,30,,https://lokcal.app/images/306_cream_liqueur.jpg,,nevo,
307,liquorice,333,g,25,,https://lokcal.app/images/307_liquorice.jpg,,nevo,
308,yardlong beans,43,g,100,,https://lokcal.app/images/308_yardlong_beans.jpg,,nevo,
309,low alcohol beer,22,g,330,,https://lokcal.app/images/309_low_alcohol_beer.jpg,,nevo,
310,luikse waffle,446,g,100,,https://lokcal.app/images/310_luikse_waffle.jpg,,nevo,
311,lychees,72,g,100,,https://lokcal.app/images/311_lychees.jpg,,nevo,
312,m&m's w peanuts,511,g,49,,https://lokcal.app/images/312_mms_w_peanuts.jpg,,nevo,
313,madeira,166,g,60,,https://lokcal.app/images/313_madeira.jpg,,nevo,
314,maltesers,500,g,37,,https://lokcal.app/images/314_maltesers.jpg,,nevo,
315,mange-tout,33,g,100,,https://lokcal.app/images/315_mange-tout.jpg,,nevo,
316,marrowfat peas,108,g,160,,https://lokcal.app/images/316_marrowfat_peas.jpg,,nevo,
317,mars candybar,449,g,51,,https://lokcal.app/images/317_mars_candybar.jpg,,nevo,
318,marshmallows,329,g,28,,https://lokcal.app/images/318_marshmallows.jpg,,nevo,
319,matzes crackers,376,g,25,,https://lokcal.app/images/319_matzes_crackers.jpg,,nevo,
320,coconut meat,406,g,100,,https://lokcal.app/images/320_coconut_meat.jpg,,nevo,
321,deepfried berenklauw,214,g,100,,https://lokcal.app/images/321_deepfried_berenklauw.jpg,,nevo,
322,medlar,50,g,100,,https://lokcal.app/images/322_medlar.jpg,,nevo,
323,melon in syrup,80,g,100,,https://lokcal.app/images/323_melon_in_syrup.jpg,,nevo,
324,semi-skimmed milk,45,g,240,,https://lokcal.app/images/324_semi-skimmed_milk.jpg,,nevo,
325,whole milk,61,g,240,,https://lokcal.app/images/325_whole_milk.jpg,,nevo,
326,minced beef/pork,233,g,100,,https://lokcal.app/images/326_minced_beefpork.jpg,,nevo,
327,mixed dried fruit,256,g,40,,https://lokcal.app/images/327_mixed_dried_fruit.jpg,,nevo,
328,mixed nuts,656,g,30,,https://lokcal.app/images/328_mixed_nuts.jpg,,nevo,
329,mixed nuts with raisins,496,g,30,,https://lokcal.app/images/329_mixed_nuts_with_raisins.jpg,,nevo,
330,mon chou,316,g,30,,https://lokcal.app/images/330_mon_chou.jpg,,nevo,
331,muesli bar,455,g,30,,https://lokcal.app/images/331_muesli_bar.jpg,,nevo,
332,chocolate muesli,458,g,45,,https://lokcal.app/images/332_chocolate_muesli.jpg,,nevo,
333,mulberries,45,g,140,,https://lokcal.app/images/333_mulberries.jpg,,nevo,
334,multifruit juice,47,g,200,,https://lokcal.app/images/334_multifruit_juice.jpg,,nevo,
335,muscatel,162,g,100,,https://lokcal.app/images/335_muscatel.jpg,,nevo,
336,nectarine,36,g,140,,https://lokcal.app/images/336_nectarine.jpg,,nevo,
337,noodle soup,86,g,200,,https://lokcal.app/images/337_noodle_soup.jpg,,nevo,
338,nori dried seaweed,254,g,10,,https://lokcal.app/images/338_nori_dried_seaweed.jpg,,nevo,
339,old amsterdam,404,g,30,,https://lokcal.app/images/339_old_amsterdam.jpg,,nevo,
340,onions,37,g,100,,https://lokcal.app/images/340_onions.jpg,,nevo,
341,oven french fries,291,g,100,,https://lokcal.app/images/341_oven_french_fries.jpg,,nevo,
342,papaya,39,g,140,,https://lokcal.app/images/342_papaya.jpg,,nevo,
343,parmesan cheese,404,g,5,,https://lokcal.app/images/343_parmesan_cheese.jpg,,nevo,
344,passion fruit,52,g,18,,https://lokcal.app/images/344_passion_fruit.jpg,,nevo,
345,pate,360,g,100,,https://lokcal.app/images/345_pate.jpg,,nevo,
346,paturain,354,g,30,,https://lokcal.app/images/346_paturain.jpg,,nevo,
347,peach,40,g,150,,https://lokcal.app/images/347_peach.jpg,,nevo,
348,peaches in syrup,62,g,125,,https://lokcal.app/images/348_peaches_in_syrup.jpg,,nevo,
349,peanut biscuit,513,g,30,,https://lokcal.app/images/349_peanut_biscuit.jpg,,nevo,
350,peanut butter,654,g,32,,https://lokcal.app/images/350_peanut_butter.jpg,,nevo,
351,peanut sauce,247,g,32,,https://lokcal.app/images/351_peanut_sauce.jpg,,nevo,
352,peanuts,620,g,30,,https://lokcal.app/images/352_peanuts.jpg,,nevo,
354,chocolate coated peanuts,568,g,30,,https://lokcal.app/images/354_chocolate_coated_peanuts.jpg,,nevo,
355,pear juice,39,g,240,,https://lokcal.app/images/355_pear_juice.jpg,,nevo,
356,pears in syrup,64,g,250,,https://lokcal.app/images/356_pears_in_syrup.jpg,,nevo,
357,dried marrowfat peas,305,g,35,,https://lokcal.app/images/357_dried_marrowfat_peas.jpg,,nevo,
358,sweet orange pepper,28,g,100,,https://lokcal.app/images/358_sweet_orange_pepper.jpg,,nevo,
359,green pesto,444,g,45,,https://lokcal.app/images/359_green_pesto.jpg,,nevo,
360,red pesto,368,g,63,,https://lokcal.app/images/360_red_pesto.jpg,,nevo,
361,piccalilly,53,g,30,,https://lokcal.app/images/361_piccalilly.jpg,,nevo,
363,pickled canned peppers,14,g,100,,https://lokcal.app/images/363_pickled_canned_peppers.jpg,,nevo,
364,pineapple in juice,59,g,140,,https://lokcal.app/images/364_pineapple_in_juice.jpg,,nevo,
365,pineapple in syrup,69,g,125,,https://lokcal.app/images/365_pineapple_in_syrup.jpg,,nevo,
366,pineapple juice,47,g,240,,https://lokcal.app/images/366_pineapple_juice.jpg,,nevo,
367,pistachio nuts,592,g,30,,https://lokcal.app/images/367_pistachio_nuts.jpg,,nevo,
368,plums,40,g,66,,https://lokcal.app/images/368_plums.jpg,,nevo,
369,plums in syrup,65,g,100,,https://lokcal.app/images/369_plums_in_syrup.jpg,,nevo,
370,poeng bottlegourd,31,g,100,,https://lokcal.app/images/370_poeng_bottlegourd.jpg,,nevo,
371,pomegranate,91,g,150,,https://lokcal.app/images/371_pomegranate.jpg,,nevo,
372,raw spare rib,250,g,100,,https://lokcal.app/images/372_raw_spare_rib.jpg,,nevo,
373,port wine,156,g,75,,https://lokcal.app/images/373_port_wine.jpg,,nevo,
374,potato crisps,538,g,30,,https://lokcal.app/images/374_potato_crisps.jpg,,nevo,
375,potatoes,88,g,170,,https://lokcal.app/images/375_potatoes.jpg,,nevo,
376,prawn crackers,516,g,28,,https://lokcal.app/images/376_prawn_crackers.jpg,,nevo,
377,pretzel sticks,382,g,30,,https://lokcal.app/images/377_pretzel_sticks.jpg,,nevo,
378,prunes,199,g,40,,https://lokcal.app/images/378_prunes.jpg,,nevo,
379,soaked prunes,57,g,30,,https://lokcal.app/images/379_soaked_prunes.jpg,,nevo,
380,almond puff pastry,391,g,75,,https://lokcal.app/images/380_almond_puff_pastry.jpg,,nevo,
381,puffed rice cakes,392,g,10,,https://lokcal.app/images/381_puffed_rice_cakes.jpg,,nevo,
382,purslane,13,g,100,,https://lokcal.app/images/382_purslane.jpg,,nevo,
383,full fat quark,118,g,100,,https://lokcal.app/images/383_full_fat_quark.jpg,,nevo,
384,half fat quark,77,g,100,,https://lokcal.app/images/384_half_fat_quark.jpg,,nevo,
385,low fat quark,51,g,100,,https://lokcal.app/images/385_low_fat_quark.jpg,,nevo,
386,raw quinoa,354,g,45,,https://lokcal.app/images/386_raw_quinoa.jpg,,nevo,
387,rambol cheese,291,g,30,,https://lokcal.app/images/387_rambol_cheese.jpg,,nevo,
388,raspberries,37,g,125,,https://lokcal.app/images/388_raspberries.jpg,,nevo,
389,raspberries in syrup,71,g,125,,https://lokcal.app/images/389_raspberries_in_syrup.jpg,,nevo,
390,raw chestnuts,189,g,30,,https://lokcal.app/images/390_raw_chestnuts.jpg,,nevo,
391,raw pasta,356,g,56,,https://lokcal.app/images/391_raw_pasta.jpg,,nevo,
394,red lettuce,18,g,100,,https://lokcal.app/images/394_red_lettuce.jpg,,nevo,
395,red wine,82,g,150,,https://lokcal.app/images/395_red_wine.jpg,,nevo,
396,redcurrants,36,g,100,,https://lokcal.app/images/396_redcurrants.jpg,,nevo,
397,rempejek peanut biscuit,576,g,30,,https://lokcal.app/images/397_rempejek_peanut_biscuit.jpg,,nevo,
398,rhubarb,23,g,100,,https://lokcal.app/images/398_rhubarb.jpg,,nevo,
399,rhubarb puree,82,g,100,,https://lokcal.app/images/399_rhubarb_puree.jpg,,nevo,
400,ripe olives,162,g,15,,https://lokcal.app/images/400_ripe_olives.jpg,,nevo,
401,ripe plantain,138,g,100,,https://lokcal.app/images/401_ripe_plantain.jpg,,nevo,
402,rocket lettuce,22,g,100,,https://lokcal.app/images/402_rocket_lettuce.jpg,,nevo,
403,romaine lettuce,17,g,100,,https://lokcal.app/images/403_romaine_lettuce.jpg,,nevo,
404,roquefort cheese,357,g,30,,https://lokcal.app/images/404_roquefort_cheese.jpg,,nevo,
405,rose wine,71,g,150,,https://lokcal.app/images/405_rose_wine.jpg,,nevo,
406,rye bread,193,g,32,,https://lokcal.app/images/406_rye_bread.jpg,,nevo,
407,saint paulin,341,g,30,,https://lokcal.app/images/407_saint_paulin.jpg,,nevo,
408,vinaigrette salad dressing,593,g,30,,https://lokcal.app/images/408_vinaigrette_salad_dressing.jpg,,nevo,
409,salami,392,g,56,,https://lokcal.app/images/409_salami.jpg,,nevo,
410,salsify,76,g,100,,https://lokcal.app/images/410_salsify.jpg,,nevo,
411,salted biscuit,472,g,20,,https://lokcal.app/images/411_salted_biscuit.jpg,,nevo,
412,salty liquorice lolly,375,g,25,,https://lokcal.app/images/412_salty_liquorice_lolly.jpg,,nevo,
413,garlic sauce,246,g,30,,https://lokcal.app/images/413_garlic_sauce.jpg,,nevo,
414,sauerkraut cabbage,13,g,100,,https://lokcal.app/images/414_sauerkraut_cabbage.jpg,,nevo,
415,smoked beef sausage,240,g,75,,https://lokcal.app/images/415_smoked_beef_sausage.jpg,,nevo,
416,smoked pork sausage,340,g,50,,https://lokcal.app/images/416_smoked_pork_sausage.jpg,,nevo,
417,kelp seaweed,47,g,10,,https://lokcal.app/images/417_kelp_seaweed.jpg,,nevo,
418,seitan,198,g,85,,https://lokcal.app/images/418_seitan.jpg,,nevo,
419,seroendeng,609,g,15,,https://lokcal.app/images/419_seroendeng.jpg,,nevo,
420,shandy,42,g,330,,https://lokcal.app/images/420_shandy.jpg,,nevo,
421,shaoxing wine,0,g,,,https://lokcal.app/images/421_shaoxing_wine.jpg,,nevo,
422,sherry,111,g,60,,https://lokcal.app/images/422_sherry.jpg,,nevo,
423,skimmed milk,35,g,240,,https://lokcal.app/images/423_skimmed_milk.jpg,,nevo,
424,smoked sausage,254,g,50,,https://lokcal.app/images/424_smoked_sausage.jpg,,nevo,
425,fruit smoothie,56,g,250,,https://lokcal.app/images/425_fruit_smoothie.jpg,,nevo,
426,frikandelbroodje,327,g,100,,https://lokcal.app/images/426_frikandelbroodje.jpg,,nevo,
427,schuimpje,366,g,25,,https://lokcal.app/images/427_schuimpje.jpg,,nevo,
428,speculaas,469,g,15,,https://lokcal.app/images/428_speculaas.jpg,,nevo,
429,speculaas flavoured spread,579,g,15,,https://lokcal.app/images/429_speculaas_flavoured_spread.jpg,,nevo,
430,spekkoek,421,g,60,,https://lokcal.app/images/430_spekkoek.jpg,,nevo,
431,nasibal,298,g,100,,https://lokcal.app/images/431_nasibal.jpg,,nevo,
432,split pea soup,77,g,250,,https://lokcal.app/images/432_split_pea_soup.jpg,,nevo,
433,chocolate hazelnut spread,562,g,37,,https://lokcal.app/images/433_chocolate_hazelnut_spread.jpg,,nevo,
434,stewed tomatoes,59,g,100,,https://lokcal.app/images/434_stewed_tomatoes.jpg,,nevo,
435,stilton cheese,388,g,30,,https://lokcal.app/images/435_stilton_cheese.jpg,,nevo,
436,strawberries,29,g,150,,https://lokcal.app/images/436_strawberries.jpg,,nevo,
437,strawberries in syrup,71,g,100,,https://lokcal.app/images/437_strawberries_in_syrup.jpg,,nevo,
438,cheese stuffed sweet pepper,161,g,100,,https://lokcal.app/images/438_cheese_stuffed_sweet_pepper.jpg,,nevo,
439,sun-dried tomato,331,g,100,,https://lokcal.app/images/439_sun-dried_tomato.jpg,,nevo,
440,swede,30,g,100,,https://lokcal.app/images/440_swede.jpg,,nevo,
441,red sweet pepper,25,g,100,,https://lokcal.app/images/441_red_sweet_pepper.jpg,,nevo,
442,yellow sweet pepper,25,g,100,,https://lokcal.app/images/442_yellow_sweet_pepper.jpg,,nevo,
443,sweet white wine,96,g,150,,https://lokcal.app/images/443_sweet_white_wine.jpg,,nevo,
444,spekkie,334,g,25,,https://lokcal.app/images/444_spekkie.jpg,,nevo,
445,swiss chard leaf,29,g,100,,https://lokcal.app/images/445_swiss_chard_leaf.jpg,,nevo,
446,taai-taai dutch biscuit,353,g,25,,https://lokcal.app/images/446_taai-taai_dutch_biscuit.jpg,,nevo,
447,tangerines in syrup,59,g,100,,https://lokcal.app/images/447_tangerines_in_syrup.jpg,,nevo,
448,tannia,136,g,130,,https://lokcal.app/images/448_tannia.jpg,,nevo,
449,tannia leaves,19,g,100,,https://lokcal.app/images/449_tannia_leaves.jpg,,nevo,
450,tapioca,322,g,30,,https://lokcal.app/images/450_tapioca.jpg,,nevo,
451,tempeh,128,g,100,,https://lokcal.app/images/451_tempeh.jpg,,nevo,
452,thickened soup,36,g,250,,https://lokcal.app/images/452_thickened_soup.jpg,,nevo,
453,toffees,401,g,40,,https://lokcal.app/images/453_toffees.jpg,,nevo,
454,concentrated tomato puree,87,g,100,,https://lokcal.app/images/454_concentrated_tomato_puree.jpg,,nevo,
455,sieved tomato pack,39,g,100,,https://lokcal.app/images/455_sieved_tomato_pack.jpg,,nevo,
456,tomatoes,20,g,100,,https://lokcal.app/images/456_tomatoes.jpg,,nevo,
457,canned tomatoes,24,g,100,,https://lokcal.app/images/457_canned_tomatoes.jpg,,nevo,
459,tortilla,316,g,50,,https://lokcal.app/images/459_tortilla.jpg,,nevo,
460,tursu,24,g,100,,https://lokcal.app/images/460_tursu.jpg,,nevo,
461,turnip tops,17,g,100,,https://lokcal.app/images/461_turnip_tops.jpg,,nevo,
462,twix candybar,495,g,50,,https://lokcal.app/images/462_twix_candybar.jpg,,nevo,
463,vegetable oil,898,g,14,,https://lokcal.app/images/463_vegetable_oil.jpg,,nevo,
464,vermouth,150,g,60,,https://lokcal.app/images/464_vermouth.jpg,,nevo,
465,vine tomato,22,g,100,,https://lokcal.app/images/465_vine_tomato.jpg,,nevo,
466,vodka,234,g,44,,https://lokcal.app/images/466_vodka.jpg,,nevo,
467,water-soaked raisins,258,g,50,,https://lokcal.app/images/467_water-soaked_raisins.jpg,,nevo,
468,whisky,245,g,42,,https://lokcal.app/images/468_whisky.jpg,,nevo,
469,white asparagus,17,g,120,,https://lokcal.app/images/469_white_asparagus.jpg,,nevo,
470,white beans,105,g,90,,https://lokcal.app/images/470_white_beans.jpg,,nevo,
471,white bread bun,262,g,57,,https://lokcal.app/images/471_white_bread_bun.jpg,,nevo,
472,white cabbage,30,g,100,,https://lokcal.app/images/472_white_cabbage.jpg,,nevo,
473,white castor sugar,396,g,5,,https://lokcal.app/images/473_white_castor_sugar.jpg,,nevo,
474,currant bun,268,g,70,,https://lokcal.app/images/474_currant_bun.jpg,,nevo,
475,raw white rice,352,g,45,,https://lokcal.app/images/475_raw_white_rice.jpg,,nevo,
476,dry white wine,67,g,150,,https://lokcal.app/images/476_dry_white_wine.jpg,,nevo,
477,split peas,359,g,100,,https://lokcal.app/images/477_split_peas.jpg,,nevo,
478,yoghurt drink,57,g,200,,https://lokcal.app/images/478_yoghurt_drink.jpg,,nevo,
479,full fat yoghurt,56,g,150,,https://lokcal.app/images/479_full_fat_yoghurt.jpg,,nevo,
480,half fat yoghurt,50,g,150,,https://lokcal.app/images/480_half_fat_yoghurt.jpg,,nevo,
481,low fat yoghurt,37,g,200,,https://lokcal.app/images/481_low_fat_yoghurt.jpg,,nevo,
482,vanilla yoghurt,72,g,150,,https://lokcal.app/images/482_vanilla_yoghurt.jpg,,nevo,